Region,Constituency,Result,Winning Party,Member of Parliament,Majority,Votes Cast,Electorate
Wales,Aberafan Maesteg,Lab hold,Lab,Stephen Kinnock,10354,35834,72580
Scotland,Aberdeen North,SNP hold,SNP,Kirsty Blackman,1760,42210,75925
Scotland,Aberdeen South,SNP hold,SNP,Stephen Flynn,3758,46523,77328
Scotland,Aberdeenshire North and Moray East,SNP gain from Con,SNP,Seamus Logan,942,38358,70058
Scotland,Airdrie and Shotts,Lab gain from SNP,Lab,Kenneth Stevenson,7547,36761,70199
South East,Aldershot,Lab gain from Con,Lab,Alex Baker,5683,48723,78553
West Midlands,Aldridge-Brownhills,Con hold,Con,Wendy Morton,4294,41068,70268
Scotland,Alloa and Grangemouth,Lab gain from SNP,Lab,Brian Leishman,6122,41275,70680
North West,Altrincham and Sale West,Lab gain from Con,Lab,Connor Rand,4174,51636,74025
Wales,Alyn and Deeside,Lab hold,Lab,Mark Tami,8794,43527,75790
East Midlands,Amber Valley,Lab gain from Con,Lab,Linsey Farnsworth,3554,42636,71546
Scotland,Angus and Perthshire Glens,SNP hold,SNP,Dave Doogan,4870,47572,76668
Scotland,Arbroath and Broughty Ferry,SNP hold,SNP,Stephen Gethins,859,44278,76149
Scotland,"Argyll, Bute and South Lochaber",SNP hold,SNP,Brendan O'Hara,6232,45078,71756
South East,Arundel and South Downs,Con hold,Con,Andrew Griffith,12134,54954,77969
East Midlands,Ashfield,RUK gain from Con,RUK,Lee Anderson,5508,39984,68929
South East,Ashford,Lab gain from Con,Lab,Sojan Joseph,1779,47139,76233
North West,Ashton-under-Lyne,Lab hold,Lab,Angela Rayner,6791,35597,71002
South East,Aylesbury,Lab gain from Con,Lab,Laura Kyrke-Smith,630,50153,79169
Scotland,"Ayr, Carrick and Cumnock",Lab gain from SNP,Lab,Elaine Stewart,4154,41056,70340
South East,Banbury,Lab gain from Con,Lab,Sean Woodcock,3256,48365,73250
Wales,Bangor Aberconwy,Lab gain from Con,Lab,Claire Hughes,4896,41814,70527
London,Barking,Lab hold,Lab,Nesil Caliskan,11054,36597,79822
Yorkshire and The Humber,Barnsley North,Lab hold,Lab,Dan Jarvis,7811,37008,78274
Yorkshire and The Humber,Barnsley South,Lab hold,Lab,Stephanie Peacock,4748,35160,75853
North West,Barrow and Furness,Lab gain from Con,Lab,Michelle Scrogham,5324,42362,74980
East of England,Basildon and Billericay,Con hold,Con,Richard Holden,20,42300,76873
South East,Basingstoke,Lab gain from Con,Lab,Luke Murphy,6484,49178,78487
East Midlands,Bassetlaw,Lab gain from Con,Lab,Jo White,5768,45028,78161
South West,Bath,LD hold,LD,Wera Hobhouse,11218,48322,69662
Scotland,Bathgate and Linlithgow,Lab gain from SNP,Lab,Kirsteen Sullivan,8323,42157,72185
London,Battersea,Lab hold,Lab,Marsha De Cordova,12039,47319,72827
South East,Beaconsfield,Con hold,Con,Joy Morrissey,5455,47888,72751
London,Beckenham and Penge,Lab hold,Lab,Liam Conlon,12905,52440,77198
East of England,Bedford,Lab hold,Lab,Mohammad Yasin,9430,40869,72478
Northern Ireland,Belfast East,DUP hold,DUP,Gavin Robinson,2676,42890,72917
Northern Ireland,Belfast North,SF hold,SF,John Finucane,5612,40745,74240
Northern Ireland,Belfast South and Mid Down,SDLP hold,SDLP,Claire Hanna,12506,43757,74749
Northern Ireland,Belfast West,SF hold,SF,Paul Maskey,15961,39999,75346
London,Bermondsey and Old Southwark,Lab hold,Lab,Neil Coyle,7787,37783,69482
Scotland,"Berwickshire, Roxburgh and Selkirk",Con hold,Con,John Lamont,6599,46696,76438
London,Bethnal Green and Stepney,Lab hold,Lab,Rushanara Ali,1689,46967,81439
Yorkshire and The Humber,Beverley and Holderness,Con hold,Con,Graham Stuart,124,45041,71994
South East,Bexhill and Battle,Con hold,Con,Kieran Mullan,2657,47938,72198
London,Bexleyheath and Crayford,Lab gain from Con,Lab,Daniel Francis,2114,43579,70297
South East,Bicester and Woodstock,LD gain from Con,LD,Calum Miller,4958,50386,74353
North West,Birkenhead,Lab hold,Lab,Alison McGovern,13798,43276,78091
West Midlands,Birmingham Edgbaston,Lab hold,Lab,Preet Gill,8368,37607,71787
West Midlands,Birmingham Erdington,Lab hold,Lab,Paulette Hamilton,7019,34289,77463
West Midlands,Birmingham Hall Green and Moseley,Lab hold,Lab,Tahir Ali,5656,41862,76936
West Midlands,Birmingham Hodge Hill and Solihull North,Lab hold,Lab,Liam Byrne,1566,34263,77737
West Midlands,Birmingham Ladywood,Lab hold,Lab,Shabana Mahmood,3421,36782,83693
West Midlands,Birmingham Northfield,Lab gain from Con,Lab,Laurence Turner,5389,37790,74048
West Midlands,Birmingham Perry Barr,Ind gain from Lab,Ind,Ayoub Khan,507,37687,76350
West Midlands,Birmingham Selly Oak,Lab hold,Lab,Al Carns,11537,38567,75678
West Midlands,Birmingham Yardley,Lab hold,Lab,Jess Phillips,693,36272,73203
North East,Bishop Auckland,Lab gain from Con,Lab,Sam Rushworth,6672,40560,70745
North West,Blackburn,Ind gain from Lab,Ind,Adnan Hussain,132,39050,73263
North West,Blackley and Middleton South,Lab hold,Lab,Graham Stringer,10250,31489,72303
North West,Blackpool North and Fleetwood,Lab gain from Con,Lab,Lorraine Beavers,4647,41938,73339
North West,Blackpool South,Lab gain from Con,Lab,Chris Webb,6848,35309,77460
Wales,Blaenau Gwent and Rhymney,Lab hold,Lab,Nick Smith,12183,30438,70153
North East,Blaydon and Consett,Lab hold,Lab,Liz Twist,11153,42336,70487
North East,Blyth and Ashington,Lab hold,Lab,Ian Lavery,9173,40527,76595
South East,Bognor Regis and Littlehampton,Con hold,Con,Alison Griffiths,1765,48013,76854
East Midlands,Bolsover,Lab gain from Con,Lab,Natalie Fleet,6323,42545,77207
North West,Bolton North East,Lab gain from Con,Lab,Kirith Entwistle,6653,43507,80011
North West,Bolton South and Walkden,Lab hold,Lab,Yasmin Qureshi,6743,37068,79622
North West,Bolton West,Lab gain from Con,Lab,Phil Brickell,4945,44778,74933
North West,Bootle,Lab hold,Lab,Peter Dowd,21983,39019,73037
East Midlands,Boston and Skegness,RUK gain from Con,RUK,Richard Tice,2010,40583,75811
South West,Bournemouth East,Lab gain from Con,Lab,Tom Hayes,5479,45053,72354
South West,Bournemouth West,Lab gain from Con,Lab,Jessica Toale,3224,39555,70259
South East,Bracknell,Lab gain from Con,Lab,Peter Swallow,784,43992,71660
Yorkshire and The Humber,Bradford East,Lab hold,Lab,Imran Hussain,6189,37364,75164
Yorkshire and The Humber,Bradford South,Lab hold,Lab,Judith Cummins,4392,33133,70999
Yorkshire and The Humber,Bradford West,Lab hold,Lab,Naz Shah,707,37300,77897
East of England,Braintree,Con hold,Con,James Cleverly,3670,49195,77673
Wales,"Brecon, Radnor and Cwm Tawe",LD gain from Con,LD,David Chadwick,1472,46668,73114
London,Brent East,Lab hold,Lab,Dawn Butler,13047,38045,77547
London,Brent West,Lab hold,Lab,Barry Gardiner,3793,41575,80027
London,Brentford and Isleworth,Lab hold,Lab,Ruth Cadbury,9824,45473,79423
East of England,Brentwood and Ongar,Con hold,Con,Alex Burghart,5980,48501,75352
Wales,Bridgend,Lab gain from Con,Lab,Chris Elmore,8595,41482,73168
South West,Bridgwater,Con hold,Con,Ashley Fox,1349,40278,71571
Yorkshire and The Humber,Bridlington and The Wolds,Con hold,Con,Charlie Dewhirst,3125,43077,74438
Yorkshire and The Humber,Brigg and Immingham,Con hold,Con,Martin Vickers,3243,42676,73099
South East,Brighton Kemptown and Peacehaven,Lab hold,Lab,Chris Ward,9663,41243,68784
South East,Brighton Pavilion,Green hold,Green,Siân Berry,14290,52572,74786
South West,Bristol Central,Green gain from Lab,Green,Carla Denyer,10407,43530,62735
South West,Bristol East,Lab hold,Lab,Kerry McCarthy,6606,46954,75917
South West,Bristol North East,Lab hold,Lab,Damien Egan,11167,42149,70076
South West,Bristol North West,Lab hold,Lab,Darren Jones,15669,48728,74869
South West,Bristol South,Lab hold,Lab,Karin Smyth,7666,43582,75533
East of England,Broadland and Fakenham,Con hold,Con,Jerome Mayhew,719,49705,76863
London,Bromley and Biggin Hill,Con hold,Con,Peter Fortune,302,46961,70713
West Midlands,Bromsgrove,Con hold,Con,Bradley Thomas,3016,50545,76468
East of England,Broxbourne,Con hold,Con,Lewis Cocking,2858,43094,75210
East Midlands,Broxtowe,Lab gain from Con,Lab,Juliet Campbell,8403,48003,70440
South East,Buckingham and Bletchley,Lab gain from Con,Lab,Callum Anderson,2421,47847,74832
North West,Burnley,Lab gain from Con,Lab,Oliver Ryan,3420,39849,74954
West Midlands,Burton and Uttoxeter,Lab gain from Con,Lab,Jacob Collier,2266,45788,77994
North West,Bury North,Lab gain from Con,Lab,James Frith,6944,45694,77686
North West,Bury South,Lab gain from Con,Lab,Christian Wakeford,9361,42384,75326
East of England,Bury St Edmunds and Stowmarket,Lab gain from Con,Lab,Peter Prinsley,1452,51086,78479
Wales,Caerfyrddin,PC gain from Con,PC,Ann Davies,4535,45791,74005
Wales,Caerphilly,Lab hold,Lab,Chris Evans,6419,38390,72648
Scotland,"Caithness, Sutherland and Easter Ross",LD gain from SNP,LD,Jamie Stone,10489,46170,74627
Yorkshire and The Humber,Calder Valley,Lab gain from Con,Lab,Josh Fenton-Glynn,8991,49796,77364
South West,Camborne and Redruth,Lab gain from Con,Lab,Perran Moon,7806,47981,74342
East of England,Cambridge,Lab hold,Lab,Daniel Zeichner,11078,42472,70321
West Midlands,Cannock Chase,Lab gain from Con,Lab,Josh Newbury,3125,43072,76974
South East,Canterbury,Lab hold,Lab,Rosie Duffield,8653,47404,71155
Wales,Cardiff East,Lab hold,Lab,Jo Stevens,9097,39295,72876
Wales,Cardiff North,Lab hold,Lab,Anna McMorrin,11207,47705,71460
Wales,Cardiff South and Penarth,Lab hold,Lab,Stephen Doughty,11767,39397,73060
Wales,Cardiff West,Lab hold,Lab,Alex Barros-Curtis,7019,44952,75697
North West,Carlisle,Lab gain from Con,Lab,Julie Minns,5200,46131,77863
London,Carshalton and Wallington,LD gain from Con,LD,Bobby Dean,7905,46787,74362
East of England,Castle Point,Con hold,Con,Rebecca Harris,3251,40771,71026
Scotland,Central Ayrshire,Lab gain from SNP,Lab,Alan Gemmell,6869,41542,69413
South West,Central Devon,Con hold,Con,Mel Stride,61,53643,75385
East of England,Central Suffolk and North Ipswich,Con hold,Con,Patrick Spencer,4290,46638,73046
Wales,Ceredigion Preseli,PC hold,PC,Ben Lake,14789,46457,75690
South East,Chatham and Aylesford,Lab gain from Con,Lab,Tristan Osborne,1998,40969,75109
North West,Cheadle,LD gain from Con,LD,Tom Morrison,12235,50841,74383
East of England,Chelmsford,LD gain from Con,LD,Marie Goldman,4753,50855,76970
London,Chelsea and Fulham,Lab gain from Con,Lab,Ben Coleman,152,47300,78468
South West,Cheltenham,LD gain from Con,LD,Max Wilkinson,7210,50528,76144
South East,Chesham and Amersham,LD gain from Con,LD,Sarah Green,5451,54616,74889
North West,Chester North and Neston,Lab hold,Lab,Samantha Dixon,11870,44910,70215
North West,Chester South and Eddisbury,Con hold,Con,Aphra Brandreth,3057,52641,74284
East Midlands,Chesterfield,Lab hold,Lab,Toby Perkins,10820,41690,71645
South East,Chichester,LD gain from Con,LD,Jess Brown-Fuller,12172,52093,78374
London,Chingford and Woodford Green,Con hold,Con,Iain Duncan Smith,4757,48647,74010
South West,Chippenham,LD gain from Con,LD,Sarah Gibson,8138,49669,74107
London,Chipping Barnet,Lab gain from Con,Lab,Dan Tomlinson,2914,51068,78038
North West,Chorley,Spk hold,Spk,Lindsay Hoyle,20575,35162,74801
South West,Christchurch,Con hold,Con,Christopher Chope,7455,47478,71060
London,Cities of London and Westminster,Lab gain from Con,Lab,Rachel Blake,2708,39417,73369
North East,City of Durham,Lab hold,Lab,Mary Foy,11757,40792,70583
East of England,Clacton,RUK gain from Con,RUK,Nigel Farage,8405,46069,78245
London,Clapham and Brixton Hill,Lab hold,Lab,Bell Ribeiro-Addy,18005,42950,83114
Wales,Clwyd East,Lab gain from Con,Lab,Becky Gittins,4622,47985,76637
Wales,Clwyd North,Lab gain from Con,Lab,Gill German,1196,41738,75027
Scotland,Coatbridge and Bellshill,Lab gain from SNP,Lab,Frank McNally,6344,38846,72667
East of England,Colchester,Lab gain from Con,Lab,Pam Cox,8250,45059,78662
Yorkshire and The Humber,Colne Valley,Lab gain from Con,Lab,Paul Davies,4963,46360,72638
North West,Congleton,Lab gain from Con,Lab,Sarah Russell,3387,50278,74243
East Midlands,Corby and East Northamptonshire,Lab gain from Con,Lab,Lee Barron,6331,49754,78770
West Midlands,Coventry East,Lab hold,Lab,Mary Creagh,11623,37158,75773
West Midlands,Coventry North West,Lab hold,Lab,Taiwo Owatemi,11174,42210,75036
West Midlands,Coventry South,Lab hold,Lab,Zarah Sultana,10201,42890,76232
Scotland,Cowdenbeath and Kirkcaldy,Lab gain from SNP,Lab,Melanie Ward,7248,40920,71845
North East,Cramlington and Killingworth,Lab hold,Lab,Emma Foody,12820,45522,76228
South East,Crawley,Lab gain from Con,Lab,Peter Lamb,5235,45832,75569
North West,Crewe and Nantwich,Lab gain from Con,Lab,Connor Naismith,9727,47337,78423
London,Croydon East,Lab hold,Lab,Natasha Irons,6825,43953,76595
London,Croydon South,Con hold,Con,Chris Philp,2313,49537,74889
London,Croydon West,Lab hold,Lab,Sarah Jones,14226,38294,77891
Scotland,Cumbernauld and Kirkintilloch,Lab gain from SNP,Lab,Katrina Murray,4144,41146,70350
London,Dagenham and Rainham,Lab hold,Lab,Margaret Mullane,7173,38985,76475
North East,Darlington,Lab gain from Con,Lab,Lola McEvoy,2298,42499,70672
South East,Dartford,Lab gain from Con,Lab,Jim Dickson,1192,44760,75426
East Midlands,Daventry,Con hold,Con,Stuart Andrew,3012,53298,80879
East Midlands,Derby North,Lab gain from Con,Lab,Catherine Atkinson,8915,41106,71879
East Midlands,Derby South,Lab hold,Lab,Baggy Shanker,6002,37544,72944
East Midlands,Derbyshire Dales,Lab gain from Con,Lab,John Whitby,350,51445,73324
Yorkshire and The Humber,Dewsbury and Batley,Ind gain from Lab,Ind,Iqbal Mohamed,6934,38201,71685
South East,Didcot and Wantage,LD gain from Con,LD,Olly Glover,6233,54948,80689
Yorkshire and The Humber,Doncaster Central,Lab hold,Lab,Sally Jameson,9551,38057,74678
Yorkshire and The Humber,Doncaster East and the Isle of Axholme,Lab gain from Con,Lab,Lee Pitcher,2311,39266,70154
Yorkshire and The Humber,Doncaster North,Lab hold,Lab,Ed Miliband,9126,31477,69759
South East,Dorking and Horley,LD gain from Con,LD,Chris Coghlan,5391,50133,71645
South East,Dover and Deal,Lab gain from Con,Lab,Mike Tapp,7585,47960,76406
West Midlands,Droitwich and Evesham,Con hold,Con,Nigel Huddleston,8995,49786,76624
West Midlands,Dudley,Lab gain from Con,Lab,Sonia Kumar,1900,35906,70151
London,Dulwich and West Norwood,Lab hold,Lab,Helen Hayes,18789,45605,79894
Scotland,Dumfries and Galloway,Con hold,Con,John Cooper,930,45937,78541
Scotland,"Dumfriesshire, Clydesdale and Tweeddale",Con hold,Con,David Mundell,4242,44347,71900
Scotland,Dundee Central,SNP hold,SNP,Chris Law,675,39001,74221
Scotland,Dunfermline and Dollar,Lab gain from SNP,Lab,Graeme Downie,8241,44677,72824
East of England,Dunstable and Leighton Buzzard,Lab gain from Con,Lab,Alex Mayer,667,46216,76742
Wales,Dwyfor Meirionnydd,PC hold,PC,Liz Saville Roberts,15876,40610,73040
London,Ealing Central and Acton,Lab hold,Lab,Rupa Huq,13995,48023,78436
London,Ealing North,Lab hold,Lab,James Murray,12519,43430,74820
London,Ealing Southall,Lab hold,Lab,Deirdre Costigan,15793,47030,78669
South East,Earley and Woodley,Lab gain from Con,Lab,Yuan Yang,848,46486,73548
North East,Easington,Lab hold,Lab,Grahame Morris,6542,34396,69395
Northern Ireland,East Antrim,DUP hold,DUP,Sammy Wilson,1306,39817,73302
South East,East Grinstead and Uckfield,Con hold,Con,Mims Davies,8480,50864,75385
London,East Ham,Lab hold,Lab,Stephen Timms,12863,38065,79219
South East,East Hampshire,Con hold,Con,Damian Hinds,1275,50163,70659
Scotland,East Kilbride and Strathaven,Lab gain from SNP,Lab,Joani Reid,9057,46838,76414
Northern Ireland,East Londonderry,DUP hold,DUP,Gregory Campbell,179,41435,75707
Scotland,East Renfrewshire,Lab gain from SNP,Lab,Blair McDougall,8421,50368,74626
South East,East Surrey,Con hold,Con,Claire Coutinho,7450,49404,73307
South East,East Thanet,Lab gain from Con,Lab,Polly Billington,6971,42880,74927
South West,East Wiltshire,Con hold,Con,Danny Kruger,4716,47360,74139
South East,East Worthing and Shoreham,Lab gain from Con,Lab,Tom Rutland,9519,49259,74738
South East,Eastbourne,LD gain from Con,LD,Josh Babarinde,12204,45764,72590
South East,Eastleigh,LD gain from Con,LD,Liz Jarvis,1546,46550,69965
Scotland,Edinburgh East and Musselburgh,Lab gain from SNP,Lab,Chris Murray,3715,45781,76188
Scotland,Edinburgh North and Leith,Lab gain from SNP,Lab,Tracy Gilbert,7268,49648,78411
Scotland,Edinburgh South,Lab hold,Lab,Ian Murray,17251,46951,70838
Scotland,Edinburgh South West,Lab gain from SNP,Lab,Scott Arthur,6217,45811,73784
Scotland,Edinburgh West,LD hold,LD,Christine Jardine,16470,52608,76490
London,Edmonton and Winchmore Hill,Lab hold,Lab,Kate Osamor,12632,41249,75792
North West,Ellesmere Port and Bromborough,Lab hold,Lab,Justin Madders,16908,42117,70799
London,Eltham and Chislehurst,Lab gain from Con,Lab,Clive Efford,8429,45758,73979
East of England,Ely and East Cambridgeshire,LD gain from Con,LD,Charlotte Cane,495,52524,79112
London,Enfield North,Lab hold,Lab,Feryal Clark,12736,43651,78770
East of England,Epping Forest,Con hold,Con,Neil Hudson,5682,42546,72229
South East,Epsom and Ewell,LD gain from Con,LD,Helen Maguire,3686,54697,76513
East Midlands,Erewash,Lab gain from Con,Lab,Adam Thompson,5859,43181,71501
London,Erith and Thamesmead,Lab hold,Lab,Abena Oppong-Asare,16302,40536,78740
South East,Esher and Walton,LD gain from Con,LD,Monica Harding,12003,54037,74042
South West,Exeter,Lab hold,Lab,Steve Race,11937,40375,67840
South West,Exmouth and Exeter East,Con hold,Con,David Reed,121,51467,79983
Scotland,Falkirk,Lab gain from SNP,Lab,Euan Stainbank,4996,42756,73584
South East,Fareham and Waterlooville,Con hold,Con,Suella Braverman,6079,50291,76947
South East,Farnham and Bordon,Con hold,Con,Greg Stafford,1349,53212,75920
South East,Faversham and Mid Kent,Con hold,Con,Helen Whately,1469,46766,74301
London,Feltham and Heston,Lab hold,Lab,Seema Malhotra,7944,39052,76982
Northern Ireland,Fermanagh and South Tyrone,SF hold,SF,Pat Cullen,4571,51336,77828
South West,Filton and Bradley Stoke,Lab gain from Con,Lab,Claire Hazelgrove,10000,50519,77582
London,Finchley and Golders Green,Lab gain from Con,Lab,Sarah Sackman,4581,49491,77500
South East,Folkestone and Hythe,Lab gain from Con,Lab,Tony Vaughan,3729,43392,70056
South West,Forest of Dean,Lab gain from Con,Lab,Matt Bishop,278,48324,72857
Northern Ireland,Foyle,SDLP hold,SDLP,Colum Eastwood,4166,38668,73496
South West,Frome and East Somerset,LD gain from Con,LD,Anna Sabine,5415,46859,71593
North West,Fylde,Con hold,Con,Andrew Snowden,561,48105,77100
East Midlands,Gainsborough,Con hold,Con,Edward Leigh,3532,46862,75836
North East,Gateshead Central and Whickham,Lab hold,Lab,Mark Ferguson,9644,40357,69827
East Midlands,Gedling,Lab gain from Con,Lab,Michael Payne,11881,48898,77006
South East,Gillingham and Rainham,Lab gain from Con,Lab,Naushabah Khan,3972,41278,73523
Scotland,Glasgow East,Lab gain from SNP,Lab,John Grady,3784,35588,68987
Scotland,Glasgow North,Lab gain from SNP,Lab,Martin Rhodes,3539,34905,67579
Scotland,Glasgow North East,Lab gain from SNP,Lab,Maureen Burke,4637,34172,72610
Scotland,Glasgow South,Lab gain from SNP,Lab,Gordon McKee,4154,42522,70219
Scotland,Glasgow South West,Lab gain from SNP,Lab,Zubir Ahmed,3285,35720,68871
Scotland,Glasgow West,Lab gain from SNP,Lab,Patricia Ferguson,6446,40088,69028
South West,Glastonbury and Somerton,LD gain from Con,LD,Sarah Dyke,6611,47845,73268
Scotland,Glenrothes and Mid Fife,Lab gain from SNP,Lab,Richard Baker,2954,36263,70655
South West,Gloucester,Lab gain from Con,Lab,Alex McIntyre,3431,45836,79475
South East,Godalming and Ash,Con hold,Con,Jeremy Hunt,891,54834,75816
Yorkshire and The Humber,Goole and Pocklington,Con hold,Con,David Davis,3572,49907,79925
Scotland,Gordon and Buchan,Con hold,Con,Harriet Cross,878,44014,69605
North West,Gorton and Denton,Lab hold,Lab,Andrew Gwynne,13413,36735,76524
South East,Gosport,Con hold,Con,Caroline Dinenage,6054,44411,73261
Wales,Gower,Lab hold,Lab,Tonia Antoniazzi,11567,47389,76123
East Midlands,Grantham and Bourne,Con hold,Con,Gareth Davies,4496,46275,73285
South East,Gravesham,Lab gain from Con,Lab,Lauren Sullivan,2712,43366,73094
Yorkshire and The Humber,Great Grimsby and Cleethorpes,Lab gain from Con,Lab,Melanie Onn,4803,36716,76157
East of England,Great Yarmouth,RUK gain from Con,RUK,Rupert Lowe,1426,40869,73317
London,Greenwich and Woolwich,Lab hold,Lab,Matthew Pennycook,18366,42940,73073
South East,Guildford,LD gain from Con,LD,Zöe Franklin,8429,48456,70662
London,Hackney North and Stoke Newington,Lab hold,Lab,Diane Abbott,15080,41213,77812
London,Hackney South and Shoreditch,Lab hold,Lab,Meg Hillier,14737,41914,78277
West Midlands,Halesowen,Lab gain from Con,Lab,Alex Ballinger,4364,38720,68549
Yorkshire and The Humber,Halifax,Lab hold,Lab,Kate Dearden,6269,40363,77516
South East,Hamble Valley,Con hold,Con,Paul Holmes,4802,54191,79478
Scotland,Hamilton and Clyde Valley,Lab gain from SNP,Lab,Imogen Walker,9472,42267,75480
London,Hammersmith and Chiswick,Lab hold,Lab,Andy Slaughter,15290,46281,75860
London,Hampstead and Highgate,Lab hold,Lab,Tulip Siddiq,14970,48788,80029
East Midlands,"Harborough, Oadby and Wigston",Con hold,Con,Neil O'Brien,2378,50577,77075
East of England,Harlow,Lab gain from Con,Lab,Chris Vince,2504,43474,74683
East of England,Harpenden and Berkhamsted,LD gain from Con,LD,Victoria Collins,10708,54524,72242
Yorkshire and The Humber,Harrogate and Knaresborough,LD gain from Con,LD,Tom Gordon,8238,52189,77955
London,Harrow East,Con hold,Con,Bob Blackman,11680,47981,76513
London,Harrow West,Lab hold,Lab,Gareth Thomas,6642,45391,79902
North East,Hartlepool,Lab hold,Lab,Jonathan Brash,7698,35599,71437
East of England,Harwich and North Essex,Con hold,Con,Bernard Jenkin,1162,48238,76296
South East,Hastings and Rye,Lab gain from Con,Lab,Helena Dollimore,8653,46173,75939
South East,Havant,Con hold,Con,Alan Mak,92,42319,72323
London,Hayes and Harlington,Lab hold,Lab,John McDonnell,12031,38433,74405
North West,Hazel Grove,LD gain from Con,LD,Lisa Smart,6500,46168,72846
East of England,Hemel Hempstead,Lab gain from Con,Lab,David Taylor,4857,44276,71035
London,Hendon,Lab gain from Con,Lab,David Pinto-Duschinsky,15,41446,74865
South East,Henley and Thame,LD gain from Con,LD,Freddie Van Mierlo,6267,53331,73749
West Midlands,Hereford and South Herefordshire,Con hold,Con,Jesse Norman,1279,45726,72203
South East,Herne Bay and Sandwich,Con hold,Con,Roger Gale,2499,49023,77869
East of England,Hertford and Stortford,Lab gain from Con,Lab,Joshua Robert Abraham Dean,4748,54212,78915
East of England,Hertsmere,Con hold,Con,Oliver Dowden,7992,48211,73465
North East,Hexham,Lab gain from Con,Lab,Joe Morris,3713,52261,76431
North West,Heywood and Middleton North,Lab hold,Lab,Elsie Blundell,6082,37276,73328
East Midlands,High Peak,Lab gain from Con,Lab,Jon Pearce,7908,49384,74385
East Midlands,Hinckley and Bosworth,Con hold,Con,Luke Evans,5408,47946,76438
East of England,Hitchin,Lab gain from Con,Lab,Alistair Strathern,8109,52689,75877
London,Holborn and St Pancras,Lab hold,Lab,Keir Starmer,11572,38825,71300
South West,Honiton and Sidmouth,LD gain from Con,LD,Richard Foord,6700,50792,75537
London,Hornchurch and Upminster,Con hold,Con,Julia Lopez,1943,47036,75438
London,Hornsey and Friern Barnet,Lab hold,Lab,Catherine West,21475,48929,69885
South East,Horsham,LD gain from Con,LD,John Milne,2517,55724,79150
North East,Houghton and Sunderland South,Lab hold,Lab,Bridget Phillipson,7169,40133,78448
South East,Hove and Portslade,Lab hold,Lab,Peter Kyle,19791,52156,74063
Yorkshire and The Humber,Huddersfield,Lab hold,Lab,Harpreet Uppal,4533,40312,77795
East of England,Huntingdon,Con hold,Con,Ben Obese-Jecty,1499,52234,79074
North West,Hyndburn,Lab gain from Con,Lab,Sarah Smith,1687,36523,67147
London,Ilford North,Lab hold,Lab,Wes Streeting,528,47009,78657
London,Ilford South,Lab hold,Lab,Jas Athwal,6894,41337,80993
Scotland,Inverclyde and Renfrewshire West,Lab gain from SNP,Lab,Martin McCluskey,6371,40451,70126
Scotland,"Inverness, Skye and West Ross-shire",LD gain from SNP,LD,Angus MacDonald,2160,48224,77927
East of England,Ipswich,Lab gain from Con,Lab,Jack Abbott,7403,44238,75396
South East,Isle of Wight East,Con hold,Con,Joe Robertson,3323,34149,55855
South East,Isle of Wight West,Lab gain from Con,Lab,Richard Quigley,3177,34368,55406
London,Islington North,Ind gain from Lab,Ind,Jeremy Corbyn,7247,49195,72852
London,Islington South and Finsbury,Lab hold,Lab,Emily Thornberry,15455,42989,74122
North East,Jarrow and Gateshead East,Lab hold,Lab,Kate Osborne,8964,36813,70272
Yorkshire and The Humber,Keighley and Ilkley,Con hold,Con,Robbie Moore,1625,46361,74367
West Midlands,Kenilworth and Southam,Con hold,Con,Jeremy Wright,6574,53504,74923
London,Kensington and Bayswater,Lab hold,Lab,Joe Powell,2903,42121,77306
East Midlands,Kettering,Lab gain from Con,Lab,Rosie Wrighting,3820,50383,79360
Scotland,Kilmarnock and Loudoun,Lab gain from SNP,Lab,Lillian Jones,5119,42612,74628
London,Kingston and Surbiton,LD hold,LD,Ed Davey,17235,50813,77353
Yorkshire and The Humber,Kingston upon Hull East,Lab hold,Lab,Karl Turner,3920,29904,70650
Yorkshire and The Humber,Kingston upon Hull North and Cottingham,Lab hold,Lab,Diana Johnson,10679,38365,75280
Yorkshire and The Humber,Kingston upon Hull West and Haltemprice,Lab gain from Con,Lab,Emma Hardy,8979,38294,73252
West Midlands,Kingswinford and South Staffordshire,Con hold,Con,Mike Wood,6303,45326,71645
North West,Knowsley,Lab hold,Lab,Anneliese Midgley,18319,36135,71964
Northern Ireland,Lagan Valley,APNI gain from DUP,APNI,Sorcha-Lucy Eastwood,2959,49243,82201
North West,Lancaster and Wyre,Lab gain from Con,Lab,Cat Smith,9253,43207,74760
Yorkshire and The Humber,Leeds Central and Headingley,Lab hold,Lab,Alex Sobel,8422,31730,70554
Yorkshire and The Humber,Leeds East,Lab hold,Lab,Richard Burgon,11265,39517,76207
Yorkshire and The Humber,Leeds North East,Lab hold,Lab,Fabian Hamilton,16083,45388,70178
Yorkshire and The Humber,Leeds North West,Lab gain from Con,Lab,Katie White,11896,49953,71592
Yorkshire and The Humber,Leeds South,Lab hold,Lab,Hilary Benn,11279,32151,75953
Yorkshire and The Humber,Leeds South West and Morley,Lab gain from Con,Lab,Mark Sewards,8423,40323,71854
Yorkshire and The Humber,Leeds West and Pudsey,Lab hold,Lab,Rachel Reeves,12392,38615,70069
East Midlands,Leicester East,Con gain from Lab,Con,Shivani Raja,4426,46969,76560
East Midlands,Leicester South,Ind gain from Lab,Ind,Shockat Adam,979,41995,70867
East Midlands,Leicester West,Lab hold,Lab,Liz Kendall,8777,35558,74102
North West,Leigh and Atherton,Lab gain from Con,Lab,Jo Platt,8881,41317,79978
South East,Lewes,LD gain from Con,LD,James MacCleary,12624,53344,76166
London,Lewisham East,Lab hold,Lab,Janet Daby,18073,40829,73380
London,Lewisham North,Lab hold,Lab,Vicky Foxcroft,15782,44429,74205
London,Lewisham West and East Dulwich,Lab hold,Lab,Ellie Reeves,18397,46627,69386
London,Leyton and Wanstead,Lab hold,Lab,Calvin Bailey,13964,43940,71491
West Midlands,Lichfield,Lab gain from Con,Lab,Dave Robertson,810,49263,76118
East Midlands,Lincoln,Lab gain from Con,Lab,Hamish Falconer,8793,42325,72315
North West,Liverpool Garston,Lab hold,Lab,Maria Eagle,20104,42148,69282
North West,Liverpool Riverside,Lab hold,Lab,Kim Johnson,14793,32537,71380
North West,Liverpool Walton,Lab hold,Lab,Dan Carden,20245,37018,69317
North West,Liverpool Wavertree,Lab hold,Lab,Paula Barker,16304,40046,70581
North West,Liverpool West Derby,Lab hold,Lab,Ian Byrne,20423,38168,69934
Scotland,Livingston,Lab gain from SNP,Lab,Gregor Poynton,3528,44961,78043
Wales,Llanelli,Lab hold,Lab,Nia Griffith,1504,40868,71538
Scotland,Lothian East,Lab gain from SNP,Lab,Douglas Alexander,13265,48234,75456
East Midlands,Loughborough,Lab gain from Con,Lab,Jeevun Sandher,4960,42436,68961
East Midlands,Louth and Horncastle,Con hold,Con,Victoria Atkins,5506,46610,76880
East of England,Lowestoft,Lab gain from Con,Lab,Jess Asato,2016,41925,74332
East of England,Luton North,Lab hold,Lab,Sarah Owen,7510,38907,74866
East of England,Luton South and South Bedfordshire,Lab hold,Lab,Rachel Hopkins,6858,38558,77312
North West,Macclesfield,Lab gain from Con,Lab,Tim Roca,9120,52935,76416
South East,Maidenhead,LD gain from Con,LD,Joshua Reynolds,2963,50845,75687
South East,Maidstone and Malling,Con hold,Con,Helen Grant,1674,46520,76449
North West,Makerfield,Lab hold,Lab,Josh Simons,5399,40398,76641
East of England,Maldon,Con hold,Con,John Whittingdale,6906,50040,78282
North West,Manchester Central,Lab hold,Lab,Lucy Powell,13797,39906,85204
North West,Manchester Rusholme,Lab hold,Lab,Afzal Khan,8235,29226,72608
North West,Manchester Withington,Lab hold,Lab,Jeff Smith,13982,41971,70555
East Midlands,Mansfield,Lab gain from Con,Lab,Steve Yemm,3485,41201,74535
South West,Melksham and Devizes,LD gain from Con,LD,Brian Mathew,2401,51406,73482
East Midlands,Melton and Syston,Con hold,Con,Edward Argar,5396,46149,74316
West Midlands,Meriden and Solihull East,Con hold,Con,Saqib Bhatti,4584,44196,73659
Wales,Merthyr Tydfil and Aberdare,Lab hold,Lab,Gerald Jones,7447,35330,74460
Wales,Mid and South Pembrokeshire,Lab gain from Con,Lab,Henry Tufnell,1878,46776,79033
East of England,Mid Bedfordshire,Con hold,Con,Blake Stephenson,1321,49800,75457
South East,Mid Buckinghamshire,Con hold,Con,Greg Smith,5872,54182,75622
North West,Mid Cheshire,Lab gain from Con,Lab,Andrew Cooper,8927,41624,70384
East Midlands,Mid Derbyshire,Lab gain from Con,Lab,Jonathan Davies,1878,47696,69917
South West,Mid Dorset and North Poole,LD gain from Con,LD,Vikki Slade,1352,50312,75294
Scotland,Mid Dunbartonshire,LD gain from SNP,LD,Susan Murray,9673,52870,73603
East Midlands,Mid Leicestershire,Con hold,Con,Peter Bedford,2201,48231,75924
East of England,Mid Norfolk,Con hold,Con,George Freeman,3054,46119,75238
South East,Mid Sussex,LD gain from Con,LD,Alison Bennett,6662,53473,75969
Northern Ireland,Mid Ulster,SF hold,SF,Cathal Mallaghan,14923,45691,74000
North East,Middlesbrough and Thornaby East,Lab hold,Lab,Andy McDonald,9192,34499,75123
North East,Middlesbrough South and East Cleveland,Lab gain from Con,Lab,Luke Myer,214,38564,70331
Scotland,Midlothian,Lab gain from SNP,Lab,Kirsty McNeill,8167,44327,73554
South East,Milton Keynes Central,Lab gain from Con,Lab,Emily Darlington,7291,47930,81078
South East,Milton Keynes North,Lab gain from Con,Lab,Chris Curtis,5430,46161,70709
London,Mitcham and Morden,Lab hold,Lab,Siobhain McDonagh,18761,45437,77282
Wales,Monmouthshire,Lab gain from Con,Lab,Catherine Fookes,3338,50998,74823
Wales,Montgomeryshire and Glyndŵr,Lab gain from Con,Lab,Steve Witherden,3815,43452,74039
Scotland,"Moray West, Nairn and Strathspey",SNP hold,SNP,Graham Leadbitter,1001,46721,77243
North West,Morecambe and Lunesdale,Lab gain from Con,Lab,Lizzi Collinge,5815,48230,76424
Scotland,"Motherwell, Wishaw and Carluke",Lab gain from SNP,Lab,Pamela Nash,7085,39151,71777
Scotland,Na h-Eileanan an Iar,Lab gain from SNP,Lab,Torcuil Crichton,3836,13581,21325
Wales,Neath and Swansea East,Lab hold,Lab,Carolyn Harris,6627,40269,76291
South East,New Forest East,Con hold,Con,Julian Lewis,8495,45376,70618
South East,New Forest West,Con hold,Con,Desmond Swayne,5600,46489,68644
East Midlands,Newark,Con hold,Con,Robert Jenrick,3572,53657,79783
South East,Newbury,LD gain from Con,LD,Lee Dillon,2377,49103,71982
North East,Newcastle upon Tyne Central and West,Lab hold,Lab,Chi Onwurah,11060,41522,76822
North East,Newcastle upon Tyne East and Wallsend,Lab hold,Lab,Mary Glindon,12817,42444,76245
North East,Newcastle upon Tyne North,Lab hold,Lab,Catherine McKinnell,17762,48814,74768
West Midlands,Newcastle-under-Lyme,Lab gain from Con,Lab,Adam Jogee,5069,39776,67815
Wales,Newport East,Lab hold,Lab,Jessica Morden,9009,38685,76683
Wales,Newport West and Islwyn,Lab hold,Lab,Ruth Jones,8868,42114,75785
Northern Ireland,Newry and Armagh,SF hold,SF,Dáire Hughes,15493,46236,78244
South West,Newton Abbot,LD gain from Con,LD,Martin Wrigley,2246,48150,73885
North East,Newton Aycliffe and Spennymoor,Lab gain from Con,Lab,Alan Strickland,8839,39925,72215
Yorkshire and The Humber,Normanton and Hemsworth,Lab hold,Lab,Jon Trickett,6662,36486,75645
Northern Ireland,North Antrim,TUV gain from DUP,TUV,Jim Allister,450,41361,74697
Scotland,North Ayrshire and Arran,Lab gain from SNP,Lab,Irene Campbell,3551,42423,72176
East of England,North Bedfordshire,Con hold,Con,Richard Fuller,5414,51771,78850
South West,North Cornwall,LD gain from Con,LD,Ben Maguire,9957,51292,76741
South West,North Cotswolds,Con hold,Con,Geoffrey Clifton-Brown,3357,50417,73203
South West,North Devon,LD gain from Con,LD,Ian Roome,6744,51549,79079
South West,North Dorset,Con hold,Con,Simon Hoare,1589,49836,72690
Northern Ireland,North Down,Ind gain from APNI,Ind,Alex Easton,7305,43464,73885
North East,North Durham,Lab hold,Lab,Luke Akehurst,5873,41727,73226
East of England,North East Cambridgeshire,Con hold,Con,Steve Barclay,7189,39321,71511
East Midlands,North East Derbyshire,Lab gain from Con,Lab,Louise Jones,1753,45986,73234
Scotland,North East Fife,LD gain from SNP,LD,Wendy Chamberlain,13479,42875,69762
South East,North East Hampshire,LD gain from Con,LD,Alex Brewer,634,55703,76923
East of England,North East Hertfordshire,Lab gain from Con,Lab,Chris Hinchliff,1923,52693,77697
South West,North East Somerset and Hanham,Lab gain from Con,Lab,Dan Norris,5319,51267,73889
West Midlands,North Herefordshire,Green gain from Con,Green,Ellie Chowns,5894,50507,72797
East of England,North Norfolk,LD gain from Con,LD,Steffan Aquarone,2585,47181,71438
North East,North Northumberland,Lab gain from Con,Lab,David Smith,5067,48992,74190
West Midlands,North Shropshire,LD gain from Con,LD,Helen Morgan,15311,49714,77573
South West,North Somerset,Lab gain from Con,Lab,Sadik Al-Hassan,639,53943,74426
West Midlands,North Warwickshire and Bedworth,Lab gain from Con,Lab,Rachel Taylor,2198,41081,69752
East of England,North West Cambridgeshire,Lab gain from Con,Lab,Sam Carling,39,44608,75915
East of England,North West Essex,Con hold,Con,Kemi Badenoch,2610,54601,79698
South East,North West Hampshire,Con hold,Con,Kit Malthouse,3288,50994,78629
East Midlands,North West Leicestershire,Lab gain from Con,Lab,Amanda Hack,1012,48709,77750
East of England,North West Norfolk,Con hold,Con,James Wild,4954,44753,74415
East Midlands,Northampton North,Lab gain from Con,Lab,Lucy Rigby,9014,41951,75575
East Midlands,Northampton South,Lab gain from Con,Lab,Mike Reader,4071,44063,70393
East of England,Norwich North,Lab gain from Con,Lab,Alice Macdonald,10850,45950,73717
East of England,Norwich South,Lab hold,Lab,Clive Lewis,13239,45274,76296
East Midlands,Nottingham East,Lab hold,Lab,Nadia Whittome,15162,36627,69395
East Midlands,Nottingham North and Kimberley,Lab hold,Lab,Alex Norris,9427,35207,73768
East Midlands,Nottingham South,Lab hold,Lab,Lilian Greenwood,10294,33043,64255
West Midlands,Nuneaton,Lab gain from Con,Lab,Jodie Gosling,3479,41318,71843
London,Old Bexley and Sidcup,Con hold,Con,Louie French,3548,47759,73198
North West,Oldham East and Saddleworth,Lab hold,Lab,Debbie Abrahams,6357,40222,73460
North West,"Oldham West, Chadderton and Royton",Lab hold,Lab,Jim McMahon,4976,38772,76031
Scotland,Orkney and Shetland,LD hold,LD,Alistair Carmichael,7807,20794,34236
London,Orpington,Con hold,Con,Gareth Bacon,5118,46238,71284
Yorkshire and The Humber,Ossett and Denby Dale,Lab gain from Con,Lab,Jade Botterill,4542,43993,72312
South East,Oxford East,Lab hold,Lab,Anneliese Dodds,14465,39731,71845
South East,Oxford West and Abingdon,LD hold,LD,Layla Moran,14894,46194,69851
Scotland,Paisley and Renfrewshire North,Lab gain from SNP,Lab,Alison Taylor,6333,41663,71103
Scotland,Paisley and Renfrewshire South,Lab gain from SNP,Lab,Johanna Baxter,6527,41416,71574
London,Peckham,Lab hold,Lab,Miatta Fahnbulleh,15228,39023,72127
North West,Pendle and Clitheroe,Lab gain from Con,Lab,Jonathan Hinder,902,46912,78796
Yorkshire and The Humber,Penistone and Stocksbridge,Lab gain from Con,Lab,Marie Tidball,8739,44132,70435
North West,Penrith and Solway,Lab gain from Con,Lab,Markus Campbell-Savours,5257,49429,77935
Scotland,Perth and Kinross-shire,SNP hold,SNP,Pete Wishart,4127,50219,77261
East of England,Peterborough,Lab gain from Con,Lab,Andrew Pakes,118,42015,73378
South West,Plymouth Moor View,Lab gain from Con,Lab,Fred Thomas,5604,42974,74724
South West,Plymouth Sutton and Devonport,Lab hold,Lab,Luke Pollard,13328,42288,75313
Yorkshire and The Humber,"Pontefract, Castleford and Knottingley",Lab hold,Lab,Yvette Cooper,6630,36080,74618
Wales,Pontypridd,Lab hold,Lab,Alex Davies-Jones,8402,39494,75951
South West,Poole,Lab gain from Con,Lab,Neil Duncan-Jordan,18,44643,72509
London,Poplar and Limehouse,Lab hold,Lab,Apsana Begum,12560,43367,84116
South East,Portsmouth North,Lab gain from Con,Lab,Amanda Martin,780,41741,70446
South East,Portsmouth South,Lab hold,Lab,Stephen Morgan,13155,39108,73711
North West,Preston,Lab hold,Lab,Mark Hendrick,5291,40132,77400
London,Putney,Lab hold,Lab,Fleur Anderson,12488,49513,72686
London,Queen's Park and Maida Vale,Lab hold,Lab,Georgia Gould,14913,38618,75558
Yorkshire and The Humber,Rawmarsh and Conisbrough,Lab hold,Lab,John Healey,6908,34013,69133
East of England,Rayleigh and Wickford,Con hold,Con,Mark Francois,5621,48144,76576
South East,Reading Central,Lab hold,Lab,Matt Rodda,12637,45507,73600
South East,Reading West and Mid Berkshire,Lab gain from Con,Lab,Olivia Bailey,1361,46702,68781
North East,Redcar,Lab gain from Con,Lab,Anna Turley,3323,38312,70241
West Midlands,Redditch,Lab gain from Con,Lab,Chris Bloore,789,42501,71042
South East,Reigate,Con hold,Con,Rebecca Paul,3187,53359,77102
Wales,Rhondda and Ogmore,Lab hold,Lab,Chris Bryant,7790,35942,74493
North West,Ribble Valley,Lab gain from Con,Lab,Maya Ellis,856,52204,80484
Yorkshire and The Humber,Richmond and Northallerton,Con hold,Con,Rishi Sunak,12185,48625,73886
London,Richmond Park,LD hold,LD,Sarah Olney,17155,52423,74988
North West,Rochdale,Lab hold,Lab,Paul Waugh,1440,39783,72507
South East,Rochester and Strood,Lab gain from Con,Lab,Lauren Edwards,2930,42733,74257
London,Romford,Con hold,Con,Andrew Rosindell,1463,44179,72928
South East,Romsey and Southampton North,Con hold,Con,Caroline Nokes,2191,50178,71871
North West,Rossendale and Darwen,Lab gain from Con,Lab,Andy MacNae,5628,44756,74440
Yorkshire and The Humber,Rother Valley,Lab gain from Con,Lab,Jake Richards,998,41712,69459
Yorkshire and The Humber,Rotherham,Lab hold,Lab,Sarah Champion,5490,37296,75929
West Midlands,Rugby,Lab gain from Con,Lab,John Slinger,4428,49200,74901
London,"Ruislip, Northwood and Pinner",Con hold,Con,David Simmonds,7581,47251,71683
North West,Runcorn and Helsby,Lab hold,Lab,Mike Amesbury,14696,42406,70801
South East,Runnymede and Weybridge,Con hold,Con,Ben Spencer,7627,48409,73610
East Midlands,Rushcliffe,Lab gain from Con,Lab,James Naish,7426,57956,79160
Scotland,Rutherglen,Lab gain from SNP,Lab,Michael Shanks,8767,42613,72674
East Midlands,Rutland and Stamford,Con hold,Con,Alicia Kearns,10394,48747,71763
North West,Salford,Lab hold,Lab,Rebecca Long-Bailey,15101,39889,83633
South West,Salisbury,Con hold,Con,John Glen,3807,50347,71802
Yorkshire and The Humber,Scarborough and Whitby,Lab gain from Con,Lab,Alison Hume,5408,44341,74544
Yorkshire and The Humber,Scunthorpe,Lab gain from Con,Lab,Nicholas Dakin,3542,39154,73855
North West,Sefton Central,Lab hold,Lab,Bill Esterson,18282,47674,74284
Yorkshire and The Humber,Selby,Lab gain from Con,Lab,Keir Mather,10195,49383,78043
South East,Sevenoaks,Con hold,Con,Laura Trott,5440,50050,73708
Yorkshire and The Humber,Sheffield Brightside and Hillsborough,Lab hold,Lab,Gill Furniss,11600,32141,70389
Yorkshire and The Humber,Sheffield Central,Lab hold,Lab,Abtisam Mohamed,8286,32090,60594
Yorkshire and The Humber,Sheffield Hallam,Lab hold,Lab,Olivia Blake,8189,52105,72900
Yorkshire and The Humber,Sheffield Heeley,Lab hold,Lab,Louise Haigh,15304,39084,73452
Yorkshire and The Humber,Sheffield South East,Lab hold,Lab,Clive Betts,12458,36567,74156
East Midlands,Sherwood Forest,Lab gain from Con,Lab,Michelle Welsh,5443,48821,78896
Yorkshire and The Humber,Shipley,Lab gain from Con,Lab,Anna Dixon,8603,48450,74130
West Midlands,Shrewsbury,Lab gain from Con,Lab,Julia Buckley,11355,51755,76599
South East,Sittingbourne and Sheppey,Lab gain from Con,Lab,Kevin McKenna,355,41088,79067
Yorkshire and The Humber,Skipton and Ripon,Con hold,Con,Julian Smith,1650,53614,79238
East Midlands,Sleaford and North Hykeham,Con hold,Con,Caroline Johnson,4346,48761,75651
South East,Slough,Lab hold,Lab,Tan Dhesi,3647,43445,81295
West Midlands,Smethwick,Lab hold,Lab,Gurinder Josan,11188,35326,72863
West Midlands,Solihull West and Shirley,Con hold,Con,Neil Shastri-Hurst,4620,47028,71816
Northern Ireland,South Antrim,UUP gain from DUP,UUP,Robin Swann,7512,43089,77058
East of England,South Basildon and East Thurrock,RUK gain from Con,RUK,James McMurdock,98,39672,72673
East of England,South Cambridgeshire,LD gain from Con,LD,Pippa Heylings,10641,55113,77327
South West,South Cotswolds,LD gain from Con,LD,Roz Savage,4973,52450,71971
East Midlands,South Derbyshire,Lab gain from Con,Lab,Samantha Niblett,4168,45890,73714
South West,South Devon,LD gain from Con,LD,Caroline Voaden,7127,49146,72261
South West,South Dorset,Lab gain from Con,Lab,Lloyd Hatton,1048,49208,75924
Northern Ireland,South Down,SF hold,SF,Chris Hazzard,9280,45471,76248
South West,South East Cornwall,Lab gain from Con,Lab,Anna Gelderd,1911,49422,72654
East Midlands,South Holland and The Deepings,Con hold,Con,John Hayes,6856,46063,78473
East Midlands,South Leicestershire,Con hold,Con,Alberto Costa,5506,51542,78511
East of England,South Norfolk,Lab gain from Con,Lab,Ben Goldsborough,2826,49743,74006
East Midlands,South Northamptonshire,Con hold,Con,Sarah Bool,3687,53884,78233
North West,South Ribble,Lab gain from Con,Lab,Paul Foster,6501,46890,73420
North East,South Shields,Lab hold,Lab,Emma Lewell-Buck,6653,36912,68366
West Midlands,South Shropshire,Con hold,Con,Stuart Anderson,1624,51862,76677
East of England,South Suffolk,Con hold,Con,James Cartlidge,3047,48984,74619
South West,South West Devon,Con hold,Con,Rebecca Smith,2112,52361,77600
East of England,South West Hertfordshire,Con hold,Con,Gagan Mohindra,4456,48399,71737
East of England,South West Norfolk,Lab gain from Con,Lab,Terry Jermy,630,44474,74724
South West,South West Wiltshire,Con hold,Con,Andrew Murrison,3243,46335,73071
South East,Southampton Itchen,Lab gain from Con,Lab,Darren Paffey,6105,38177,68379
South East,Southampton Test,Lab hold,Lab,Satvir Kaur,9333,35965,65520
East of England,Southend East and Rochford,Lab gain from Con,Lab,Bayo Alaba,4027,39801,70217
East of England,Southend West and Leigh,Lab gain from Con,Lab,David Burton-Sampson,1949,47131,75154
London,Southgate and Wood Green,Lab hold,Lab,Bambos Charalambous,15300,45927,77542
North West,Southport,Lab gain from Con,Lab,Patrick Hurley,5789,45186,73641
South East,Spelthorne,Con hold,Con,Lincoln Jopp,1590,46310,73782
Yorkshire and The Humber,Spen Valley,Lab gain from Con,Lab,Kim Leadbeater,6188,41195,72642
East of England,St Albans,LD hold,LD,Daisy Cooper,19834,51817,72739
South West,St Austell and Newquay,Lab gain from Con,Lab,Noah Law,2470,46862,76076
North West,St Helens North,Lab hold,Lab,David Baines,12169,40629,75483
North West,St Helens South and Whiston,Lab hold,Lab,Marie Rimmer,11945,38120,71569
South West,St Ives,LD gain from Con,LD,Andrew George,13786,48256,69978
East of England,St Neots and Mid Cambridgeshire,LD gain from Con,LD,Ian Sollom,4621,53020,78115
West Midlands,Stafford,Lab gain from Con,Lab,Leigh Ingham,4595,46169,70608
West Midlands,Staffordshire Moorlands,Con hold,Con,Karen Bradley,1175,43490,69892
North West,Stalybridge and Hyde,Lab hold,Lab,Jonathan Reynolds,8539,37356,72265
East of England,Stevenage,Lab gain from Con,Lab,Kevin Bonavia,6618,42870,70976
Scotland,Stirling and Strathallan,Lab gain from SNP,Lab,Chris Kane,1394,50024,76284
North West,Stockport,Lab hold,Lab,Navendu Mishra,15270,43868,76632
North East,Stockton North,Lab hold,Lab,Chris McDonald,7939,37526,70242
North East,Stockton West,Con hold,Con,Matt Vickers,2139,48752,71868
West Midlands,Stoke-on-Trent Central,Lab gain from Con,Lab,Gareth Snell,6409,35426,73812
West Midlands,Stoke-on-Trent North,Lab gain from Con,Lab,David Williams,5082,36253,69854
West Midlands,Stoke-on-Trent South,Lab gain from Con,Lab,Allison Gardner,627,41062,70002
West Midlands,"Stone, Great Wyrley and Penkridge",Con hold,Con,Gavin Williamson,5466,43497,71561
West Midlands,Stourbridge,Lab gain from Con,Lab,Cat Eccles,3073,39991,68311
Northern Ireland,Strangford,DUP hold,DUP,Jim Shannon,5131,39044,74525
London,Stratford and Bow,Lab hold,Lab,Uma Kumaran,11634,43722,80735
West Midlands,Stratford-on-Avon,LD gain from Con,LD,Manuela Perteghella,7122,53138,75714
London,Streatham and Croydon North,Lab hold,Lab,Steve Reed,15603,44743,82829
North West,Stretford and Urmston,Lab hold,Lab,Andrew Western,16150,46170,75153
South West,Stroud,Lab gain from Con,Lab,Simon Opher,11388,55448,77905
East of England,Suffolk Coastal,Lab gain from Con,Lab,Jenny Riddell-Carpenter,1070,49640,74522
North East,Sunderland Central,Lab hold,Lab,Lewis Atkinson,6073,40056,76145
South East,Surrey Heath,LD gain from Con,LD,Al Pinkerton,5640,47928,71934
South East,Sussex Weald,Con hold,Con,Nus Ghani,6842,49365,72885
London,Sutton and Cheam,LD gain from Con,LD,Luke Taylor,3801,47745,72303
West Midlands,Sutton Coldfield,Con hold,Con,Andrew Mitchell,2543,48505,74080
Wales,Swansea West,Lab hold,Lab,Torsten Bell,8515,35787,74236
South West,Swindon North,Lab gain from Con,Lab,Will Stone,4103,44289,73224
South West,Swindon South,Lab gain from Con,Lab,Heidi Alexander,9606,44941,72575
West Midlands,Tamworth,Lab gain from Con,Lab,Sarah Edwards,1382,43904,75055
North West,Tatton,Con hold,Con,Esther McVey,1136,52107,75978
South West,Taunton and Wellington,LD gain from Con,LD,Gideon Amos,11939,50461,78680
West Midlands,Telford,Lab gain from Con,Lab,Shaun Davies,8102,40878,73808
South West,Tewkesbury,LD gain from Con,LD,Cameron Thomas,6262,48689,73458
West Midlands,The Wrekin,Con hold,Con,Mark Pritchard,883,50183,78942
Yorkshire and The Humber,Thirsk and Malton,Con hold,Con,Kevin Hollinrake,7550,49966,78468
South West,Thornbury and Yate,LD gain from Con,LD,Claire Young,3014,53515,78192
East of England,Thurrock,Lab gain from Con,Lab,Jen Craft,6474,37655,73392
West Midlands,Tipton and Wednesbury,Lab gain from Con,Lab,Antonia Bance,3385,31989,74098
South West,Tiverton and Minehead,LD gain from Con,LD,Rachel Gilmour,3507,47688,72087
South East,Tonbridge,Con hold,Con,Tom Tugendhat,11166,50478,72799
London,Tooting,Lab hold,Lab,Rosena Allin-Khan,19487,53198,76168
South West,Torbay,LD gain from Con,LD,Steve Darling,5349,46225,76185
Wales,Torfaen,Lab hold,Lab,Nick Thomas-Symonds,7322,35822,71738
South West,Torridge and Tavistock,Con hold,Con,Geoffrey Cox,3950,50990,74727
London,Tottenham,Lab hold,Lab,David Lammy,15434,40398,75906
South West,Truro and Falmouth,Lab gain from Con,Lab,Jayne Kirkham,8151,50427,72982
South East,Tunbridge Wells,LD gain from Con,LD,Mike Martin,8687,54441,78738
London,Twickenham,LD hold,LD,Munira Wilson,21457,53861,74980
North East,Tynemouth,Lab hold,Lab,Alan Campbell,15455,48554,73194
Northern Ireland,Upper Bann,DUP hold,DUP,Carla Lockhart,7406,47599,81249
London,Uxbridge and South Ruislip,Lab gain from Con,Lab,Danny Beales,587,46089,74745
Wales,Vale of Glamorgan,Lab gain from Con,Lab,Kanishka Narayan,4216,45965,74465
London,Vauxhall and Camberwell Green,Lab hold,Lab,Florence Eshalomi,15112,37797,77527
Yorkshire and The Humber,Wakefield and Rothwell,Lab gain from Con,Lab,Simon Lightwood,9346,40768,75067
North West,Wallasey,Lab hold,Lab,Angela Eagle,17996,42914,74082
West Midlands,Walsall and Bloxwich,Lab gain from Con,Lab,Valerie Vaz,4914,37332,74951
London,Walthamstow,Lab hold,Lab,Stella Creasy,17996,45923,74474
North West,Warrington North,Lab hold,Lab,Charlotte Nichols,9190,40166,70601
North West,Warrington South,Lab hold,Lab,Sarah Hall,11340,49864,78394
West Midlands,Warwick and Leamington,Lab hold,Lab,Matt Western,12412,49443,76294
North East,Washington and Gateshead South,Lab hold,Lab,Sharon Hodgson,6913,37121,70972
East of England,Watford,Lab gain from Con,Lab,Matt Turmaine,4723,44647,73100
East of England,Waveney Valley,Green gain from Con,Green,Adrian Ramsay,5594,49203,73056
South East,Weald of Kent,Con hold,Con,Katie Lam,8422,50969,75987
East Midlands,Wellingborough and Rushden,Lab gain from Con,Lab,Gen Kitchen,5486,44130,77542
South West,Wells and Mendip Hills,LD gain from Con,LD,Tessa Munt,11121,50517,73538
East of England,Welwyn Hatfield,Lab gain from Con,Lab,Andrew Lewin,3799,48647,75259
Scotland,West Aberdeenshire and Kincardine,Con hold,Con,Andrew Bowie,3441,49119,72994
West Midlands,West Bromwich,Lab gain from Con,Lab,Sarah Coombes,9554,36617,74025
South West,West Dorset,LD gain from Con,LD,Edward Morello,7789,53223,75998
Scotland,West Dunbartonshire,Lab gain from SNP,Lab,Douglas McAllister,6010,39707,69074
London,West Ham and Beckton,Lab hold,Lab,James Asser,9254,36497,78964
North West,West Lancashire,Lab hold,Lab,Ashley Dalton,13625,44424,74081
East of England,West Suffolk,Con hold,Con,Nick Timothy,3247,46334,77145
Northern Ireland,West Tyrone,SF hold,SF,Órfhlaith Begley,15917,43957,74269
West Midlands,West Worcestershire,Con hold,Con,Harriett Baldwin,6547,54878,79246
North West,Westmorland and Lonsdale,LD gain from Con,LD,Tim Farron,21472,49648,72029
South West,Weston-super-Mare,Lab gain from Con,Lab,Daniel Aldridge,4409,42533,71396
Yorkshire and The Humber,Wetherby and Easingwold,Con hold,Con,Alec Shelbrooke,4846,52430,74314
North West,Whitehaven and Workington,Lab gain from Con,Lab,Josh MacAlister,13286,41999,73198
North West,Widnes and Halewood,Lab hold,Lab,Derek Twigg,16425,38211,70161
North West,Wigan,Lab hold,Lab,Lisa Nandy,9549,41023,77538
London,Wimbledon,LD gain from Con,LD,Paul Kohler,12610,55156,76334
South East,Winchester,LD gain from Con,LD,Danny Chambers,13821,57261,78289
South East,Windsor,Con hold,Con,Jack Rankin,6457,45419,73334
North West,Wirral West,Lab hold,Lab,Matthew Patrick,9998,50138,72838
East of England,Witham,Con hold,Con,Priti Patel,5145,50774,78991
South East,Witney,LD gain from Con,LD,Charles Maynard,4339,50742,75448
South East,Woking,LD gain from Con,LD,Will Forster,11246,48316,72969
South East,Wokingham,LD gain from Con,LD,Clive Jones,8345,54198,75082
West Midlands,Wolverhampton North East,Lab gain from Con,Lab,Sureena Brackenridge,5422,33396,70715
West Midlands,Wolverhampton South East,Lab hold,Lab,Pat McFadden,9188,33511,77473
West Midlands,Wolverhampton West,Lab gain from Con,Lab,Warinder Juss,7868,43810,77851
West Midlands,Worcester,Lab gain from Con,Lab,Tom Collins,7116,46215,74931
North West,Worsley and Eccles,Lab hold,Lab,Michael Wheeler,11091,42707,78643
South East,Worthing West,Lab gain from Con,Lab,Beccy Cooper,3949,51175,77039
Wales,Wrexham,Lab gain from Con,Lab,Andrew Ranger,5948,40501,70269
South East,Wycombe,Lab gain from Con,Lab,Emma Reynolds,4591,44811,73415
West Midlands,Wyre Forest,Con hold,Con,Mark Garnier,812,45295,77329
North West,Wythenshawe and Sale East,Lab hold,Lab,Mike Kane,14610,39274,77767
South West,Yeovil,LD gain from Con,LD,Adam Dance,12268,49061,79918
Wales,Ynys Môn,PC gain from Con,PC,Llinos Medi,637,32707,53141
Yorkshire and The Humber,York Central,Lab hold,Lab,Rachael Maskell,19154,43551,79557
Yorkshire and The Humber,York Outer,Lab gain from Con,Lab,Luke Charters,9391,51290,76228
